user_id,username,password,name,建立時間
U001,reporter01,sp2025r01,記者01,2025-01-20
U002,reporter02,sp2025r02,記者02,2025-01-20
U003,reporter03,sp2025r03,記者03,2025-01-20
U004,reporter04,sp2025r04,記者04,2025-01-20
U005,reporter05,sp2025r05,記者05,2025-01-20
U006,reporter06,sp2025r06,記者06,2025-01-20
U007,reporter07,sp2025r07,記者07,2025-01-20
U008,reporter08,sp2025r08,記者08,2025-01-20
U009,reporter09,sp2025r09,記者09,2025-01-20
U010,reporter10,sp2025r10,記者10,2025-01-20
U011,reporter11,sp2025r11,記者11,2025-01-20
U012,reporter12,sp2025r12,記者12,2025-01-20
U013,reporter13,sp2025r13,記者13,2025-01-20
U014,reporter14,sp2025r14,記者14,2025-01-20
U015,reporter15,sp2025r15,記者15,2025-01-20
U016,reporter16,sp2025r16,記者16,2025-01-20
U017,reporter17,sp2025r17,記者17,2025-01-20
U018,reporter18,sp2025r18,記者18,2025-01-20
U019,reporter19,sp2025r19,記者19,2025-01-20
U020,reporter20,sp2025r20,記者20,2025-01-20
U021,reporter21,sp2025r21,記者21,2025-01-20
U022,reporter22,sp2025r22,記者22,2025-01-20
U023,reporter23,sp2025r23,記者23,2025-01-20
U024,reporter24,sp2025r24,記者24,2025-01-20
U025,reporter25,sp2025r25,記者25,2025-01-20
U026,reporter26,sp2025r26,記者26,2025-01-20
U027,reporter27,sp2025r27,記者27,2025-01-20
U028,reporter28,sp2025r28,記者28,2025-01-20
U029,reporter29,sp2025r29,記者29,2025-01-20
U030,reporter30,sp2025r30,記者30,2025-01-20
U031,reporter31,sp2025r31,記者31,2025-01-20
U032,reporter32,sp2025r32,記者32,2025-01-20
U033,reporter33,sp2025r33,記者33,2025-01-20
U034,reporter34,sp2025r34,記者34,2025-01-20
U035,reporter35,sp2025r35,記者35,2025-01-20
U036,reporter36,sp2025r36,記者36,2025-01-20
U037,reporter37,sp2025r37,記者37,2025-01-20
U038,reporter38,sp2025r38,記者38,2025-01-20
U039,reporter39,sp2025r39,記者39,2025-01-20
U040,reporter40,sp2025r40,記者40,2025-01-20
U041,reporter41,sp2025r41,記者41,2025-01-20
U042,reporter42,sp2025r42,記者42,2025-01-20
U043,reporter43,sp2025r43,記者43,2025-01-20
U044,reporter44,sp2025r44,記者44,2025-01-20
U045,reporter45,sp2025r45,記者45,2025-01-20
U046,reporter46,sp2025r46,記者46,2025-01-20
U047,reporter47,sp2025r47,記者47,2025-01-20
U048,reporter48,sp2025r48,記者48,2025-01-20
U049,reporter49,sp2025r49,記者49,2025-01-20
U050,reporter50,sp2025r50,記者50,2025-01-20
U099,admin,admin2025!,管理員,2025-01-20
